<?xml version='1.0' encoding='UTF-8'?>
<RINFO FILEVERSION="1">
 <GeneralInfo RobName="HS220-02" RobNum="388">
  <JointName J4="R2 " J1="S  " J2="H  " J3="V  " J6="R1 " J5="B  "/>
 </GeneralInfo>
 <MECH_PARAM>
  <MechInfo RobAxisNo="6" ArmAxisNo="3" StructTypeIndex="0"/>
  <JntDisp>
   <J1 DsipUnit="Deg" PhyJntType="0"/>
   <J2 DsipUnit="Deg" PhyJntType="0"/>
   <J3 DsipUnit="Deg" PhyJntType="0"/>
   <J4 DsipUnit="Deg" PhyJntType="0"/>
   <J5 DsipUnit="Deg" PhyJntType="0"/>
   <J6 DsipUnit="Deg" PhyJntType="0"/>
  </JntDisp>
  <ReductionRatio>
   <J1 Dir="-1" Ratio="210.000000"/>
   <J2 Dir="1" Ratio="222.000000"/>
   <J3 Dir="-1" Ratio="222.000000"/>
   <J4 Dir="-1" Ratio="171.960298"/>
   <J5 Dir="1" Ratio="174.000000"/>
   <J6 Dir="-1" Ratio="114.840000"/>
   <JntCouplCoeff BCoR2="0.0125" VCoH="0" R1CoR2="-0.018703" R1CoB="0.018939"/>
  </ReductionRatio>
  <OP_Range>
   <JointLimit>
    <J1 AxisMax="180.000" AxisMin="-180.000"/>
    <J2 AxisMax="155.000" AxisMin="10.000"/>
    <J3 AxisMax="190.000" AxisMin="-80.000"/>
    <J4 AxisMax="360.000" AxisMin="-360.000"/>
    <J5 AxisMax="128.000" AxisMin="-128.000"/>
    <J6 AxisMax="360.000" AxisMin="-360.000"/>
   </JointLimit>
  </OP_Range>
  <KinMdl HVLinkStruct="1">
   <DH_Param d4="1250.0000" d1="608.0000" d3="0.0000" d6="220.0000" a1="312.0000" a3="230.0000" d2="0.0000" d5="0.0000" a2="1100.0000" a6="0.0000" a5="0.0000" a4="0.0000"/>
   <StandartPosi>
    <J1 J_origin="0.000"/>
    <J2 J_origin="90.000"/>
    <J3 J_origin="0.000"/>
    <J4 J_origin="0.000"/>
    <J5 J_origin="0.000"/>
    <J6 J_origin="0.000"/>
   </StandartPosi>
  </KinMdl>
  <DynMdl num_reducer="6" DOF="6" MechType="0" N="6">
   <JntDefine>
    <DynLinkJ1 Parent="0" ReducName="S" ReducerType="RV_320CA" Type="0" Active="1" R_Pinion="0.0000"/>
    <DynLinkJ2 Parent="1" ReducName="H" ReducerType="RV_500N" Type="0" Active="1" R_Pinion="0.0000"/>
    <DynLinkJ3 Parent="2" ReducName="V" ReducerType="RV_500N" Type="0" Active="1" R_Pinion="0.0000"/>
    <DynLinkJ4 Parent="3" ReducName="R2" ReducerType="RV_100N" Type="0" Active="1" R_Pinion="0.0000"/>
    <DynLinkJ5 Parent="4" ReducName="B" ReducerType="RV_100N" Type="0" Active="1" R_Pinion="0.0000"/>
    <DynLinkJ6 Parent="5" ReducName="R1" ReducerType="RV_80N" Type="0" Active="1" R_Pinion="0.0000"/>
    <Jnt_Dir_Posi>
     <DynLinkJ1 DirY="0" PosiY="0.0000" DirX="0" DirZ="1" PosiX="0.0000" PosiZ="0.0000"/>
     <DynLinkJ2 DirY="1" PosiY="0.0000" DirX="0" DirZ="0" PosiX="0.3120" PosiZ="0.6080"/>
     <DynLinkJ3 DirY="-1" PosiY="0.0000" DirX="0" DirZ="0" PosiX="0.3120" PosiZ="1.7080"/>
     <DynLinkJ4 DirY="0" PosiY="0.0000" DirX="1" DirZ="0" PosiX="1.5620" PosiZ="1.9380"/>
     <DynLinkJ5 DirY="-1" PosiY="0.0000" DirX="0" DirZ="0" PosiX="1.5620" PosiZ="1.9380"/>
     <DynLinkJ6 DirY="0" PosiY="0.0000" DirX="1" DirZ="0" PosiX="1.5620" PosiZ="1.9380"/>
    </Jnt_Dir_Posi>
   </JntDefine>
   <MassInertia>
    <DynLink1 Izz="16.148" Izx="4.357" COMz="0.490" Iyy="15.346" Mass="293.205" Iyz="0.330" COMx="0.1640" Ixy="0.783" COMy="-0.006" Ixx="12.003"/>
    <DynLink2 Izz="3.292" Izx="-1.229" COMz="1.048" Iyy="28.928" Mass="154.814" Iyz="-2.982" COMx="0.3720" Ixy="-0.063" COMy="-0.200" Ixx="27.850"/>
    <DynLink3 Izz="25.124" Izx="4.353" COMz="1.828" Iyy="27.192" Mass="237.861" Iyz="1.014" COMx="0.4990" Ixy="1.419" COMy="-0.036" Ixx="6.869"/>
    <DynLink4 Izz="0.135" Izx="0.000" COMz="1.938" Iyy="0.139" Mass="14.456" Iyz="0.000" COMx="1.4590" Ixy="-0.007" COMy="-0.003" Ixx="0.041"/>
    <DynLink5 Izz="0.483" Izx="0.000" COMz="1.938" Iyy="0.386" Mass="38.973" Iyz="0.000" COMx="1.6270" Ixy="0.084" COMy="-0.030" Ixx="0.276"/>
    <DynLink6 Izz="0.000" Izx="0.000" COMz="1.938" Iyy="0.000" Mass="0.000" Iyz="0.000" COMx="1.7820" Ixy="0.000" COMy="0.000" Ixx="0.000"/>
   </MassInertia>
   <InputInertia>
    <J1 Jm="6.2880E-03"/>
    <J2 Jm="6.1590E-03"/>
    <J3 Jm="6.1590E-03"/>
    <J4 Jm="1.9140E-03"/>
    <J5 Jm="2.0960E-03"/>
    <J6 Jm="2.0080E-03"/>
   </InputInertia>
   <DynPlanConstraint>
    <J1 DecMaxR="4.0" TauRMin="0.50" AccMaxR="4.0" SftauR="0.80"/>
    <J2 DecMaxR="4.0" TauRMin="0.66" AccMaxR="4.0" SftauR="0.72"/>
    <J3 DecMaxR="4.0" TauRMin="0.60" AccMaxR="4.0" SftauR="0.72"/>
    <J4 DecMaxR="4.0" TauRMin="0.60" AccMaxR="4.0" SftauR="0.80"/>
    <J5 DecMaxR="4.0" TauRMin="0.60" AccMaxR="4.0" SftauR="0.80"/>
    <J6 DecMaxR="4.0" TauRMin="0.60" AccMaxR="4.0" SftauR="0.80"/>
   </DynPlanConstraint>
   <BalanceSpring TotSpringNum="1" AssyNum="1" SpringType="Gas">
    <Assy1 L_max="440" PLy="-0.2575" PLz="0.418" F_init="30000" SpringNum="1" P_ref="140" F_end="47000" PLx="-0.144" PRx="0.49872" idx="2" PRy="-0.2575" PRz="0.67967" S_norm="160">
     <Spring1 L_free="0.9130" L_zero="0.5760" K="-1.21282E+05"/>
    </Assy1>
   </BalanceSpring>
  </DynMdl>
  <LoadInfo>
   <StdTool Izz="6.425" Cz="231.500" Iyy="7.242" Mass="220.000" Ixx="3.222" Cy="0.000" Cx="227.300"/>
   <HRLoad Izz="57.900" Cz="340.000" Iyy="56.300" Mass="220.000" Ixx="56.300" Cy="0.000" Cx="357.000"/>
  </LoadInfo>
  <MotCond>
   <AccDecParam>
    <J1 SpdMax="120" DecRatio="1" T_Accms="1180"/>
    <J2 SpdMax="105" DecRatio="1" T_Accms="1150"/>
    <J3 SpdMax="110" DecRatio="1" T_Accms="900"/>
    <J4 SpdMax="145" DecRatio="1" T_Accms="510"/>
    <J5 SpdMax="145" DecRatio="1" T_Accms="650"/>
    <J6 SpdMax="220" DecRatio="1" T_Accms="520"/>
   </AccDecParam>
  </MotCond>
  </MECH_PARAM> 
</RINFO>
